{"logits": [-0.5725147724151611, 1.7145817279815674, -0.004390074871480465, 0.15739689767360687, -1.5670037269592285, 2.0388174057006836, 1.7133572101593018, -1.2951418161392212, -0.834526538848877, 2.3327298164367676, 0.40916720032691956, 0.10083276033401489], "start_transitions": [1.3246407508850098, -0.5600469708442688, -0.26903316378593445], "transitions": [-0.6614686250686646, -0.20696908235549927, 0.2984486222267151, -0.4511052370071411, 0.3974470794200897, -0.33164337277412415, -0.08807140588760376, -0.6141031384468079, -1.255240559577942], "end_transitions": [0.922681987285614, 0.6900760531425476, -2.327486515045166], "seq_len": 4, "num_labels": 3, "output": [0, 2, 0, 0]}